valid_loss_epoch,epoch,step
1.228877305984497,0,0
1.193305492401123,1,1
1.146859884262085,2,2
1.1437673568725586,3,3
